turn, fish, shark
0, 500, 500
0, 500, 500
1, 789, 530
2, 1370, 512
3, 2480, 515
4, 4499, 519
5, 7430, 532
6, 10280, 558
7, 12187, 584
8, 13098, 609
9, 13460, 624
10, 13566, 655
11, 13578, 684
12, 13565, 717
13, 13528, 747
14, 13492, 774
15, 13481, 798
16, 13438, 850
17, 13390, 893
18, 13313, 949
19, 13260, 994
20, 13176, 1043
21, 13130, 1107
22, 13056, 1166
23, 12994, 1218
24, 12901, 1248
25, 12849, 1310
26, 12798, 1368
27, 12720, 1434
28, 12619, 1494
29, 12560, 1548
30, 12492, 1596
31, 12352, 1700
32, 12239, 1786
33, 12123, 1898
34, 11964, 1988
35, 11809, 2086
36, 11652, 2214
37, 11480, 2332
38, 11246, 2436
39, 11045, 2496
40, 10840, 2620
41, 10595, 2736
42, 10370, 2867
43, 10112, 2987
44, 9874, 3094
45, 9682, 3189
46, 9404, 3396
47, 9043, 3561
48, 8636, 3779
49, 8164, 3945
50, 7730, 4131
51, 7284, 4368
52, 6765, 4575
53, 6230, 4758
54, 5760, 4845
55, 5371, 5036
56, 4900, 5186
57, 4471, 5347
58, 4088, 5468
59, 3754, 5485
60, 3399, 5452
61, 3054, 5533
62, 2729, 5507
63, 2329, 5536
64, 1983, 5427
65, 1698, 5328
66, 1490, 5246
67, 1271, 5051
68, 1112, 4914
69, 1020, 4672
70, 909, 4525
71, 803, 4234
72, 677, 3964
73, 609, 3611
74, 526, 3299
75, 436, 2951
76, 365, 2620
77, 315, 2377
78, 279, 2135
79, 234, 1982
80, 206, 1779
81, 195, 1606
82, 188, 1413
83, 205, 1257
84, 234, 1108
85, 274, 971
86, 318, 860
87, 375, 773
88, 446, 699
89, 532, 640
90, 655, 575
91, 790, 505
92, 971, 472
93, 1156, 473
94, 1373, 444
95, 1623, 425
96, 1917, 414
97, 2259, 389
98, 2668, 374
99, 3098, 351
100, 3549, 346
101, 4036, 355
102, 4536, 362
103, 5054, 364
104, 5536, 378
105, 5989, 389
106, 6481, 403
107, 6932, 437
108, 7310, 489
109, 7659, 494
110, 8016, 501
111, 8368, 532
112, 8701, 549
113, 9063, 564
114, 9399, 563
115, 9733, 566
116, 10068, 605
117, 10379, 620
118, 10687, 635
119, 10983, 654
120, 11286, 669
121, 11588, 691
122, 11853, 743
123, 12103, 825
124, 12266, 820
125, 12408, 826
126, 12478, 870
127, 12513, 883
128, 12563, 891
129, 12586, 877
130, 12619, 869
131, 12620, 915
132, 12608, 902
133, 12618, 913
134, 12589, 921
135, 12559, 940
136, 12526, 960
137, 12459, 1018
138, 12332, 1130
139, 12250, 1114
140, 12200, 1120
141, 12104, 1172
142, 12073, 1194
143, 12019, 1204
144, 11978, 1183
145, 11961, 1182
146, 11920, 1232
147, 11853, 1206
148, 11844, 1202
149, 11806, 1225
150, 11747, 1252
151, 11641, 1266
152, 11584, 1323
153, 11455, 1459
154, 11311, 1448
155, 11231, 1446
156, 11182, 1512
157, 11127, 1533
158, 11084, 1526
159, 11009, 1498
160, 10973, 1468
161, 10920, 1514
162, 10877, 1463
163, 10788, 1441
164, 10701, 1461
165, 10629, 1452
166, 10608, 1475
167, 10509, 1531
168, 10388, 1694
169, 10290, 1677
170, 10195, 1668
171, 10111, 1734
172, 10044, 1754
173, 9992, 1738
174, 9915, 1706
175, 9854, 1654
176, 9781, 1707
177, 9676, 1654
178, 9628, 1608
179, 9572, 1626
180, 9522, 1603
181, 9463, 1603
182, 9372, 1660
183, 9241, 1857
184, 9116, 1829
185, 9068, 1822
186, 9037, 1835
187, 8968, 1815
188, 8971, 1799
189, 8962, 1782
190, 8969, 1739
191, 8957, 1780
192, 8975, 1737
193, 8998, 1675
194, 9016, 1704
195, 9022, 1678
196, 9058, 1693
197, 9041, 1776
198, 8970, 1999
199, 8892, 1966
200, 8889, 1973
201, 8844, 2012
202, 8831, 2021
203, 8786, 2009
204, 8760, 2018
205, 8736, 1981
206, 8730, 2068
207, 8690, 2039
208, 8692, 1977
209, 8700, 1999
210, 8706, 1988
211, 8723, 1982
212, 8692, 2103
213, 8592, 2344
214, 8511, 2297
215, 8505, 2292
216, 8523, 2327
217, 8541, 2326
218, 8569, 2305
219, 8638, 2319
220, 8710, 2294
221, 8748, 2422
222, 8762, 2349
223, 8828, 2266
224, 8828, 2296
225, 8839, 2288
226, 8820, 2335
227, 8744, 2493
228, 8610, 2740
229, 8452, 2690
230, 8368, 2685
231, 8272, 2733
232, 8152, 2729
233, 8053, 2692
234, 7986, 2702
235, 7925, 2623
236, 7853, 2757
237, 7766, 2683
238, 7668, 2601
239, 7609, 2606
240, 7582, 2553
241, 7552, 2609
242, 7415, 2743
243, 7216, 3001
244, 7024, 2895
245, 6914, 2892
246, 6768, 2922
247, 6701, 2904
248, 6663, 2877
249, 6595, 2876
250, 6577, 2802
251, 6533, 2926
252, 6464, 2848
253, 6410, 2762
254, 6343, 2769
255, 6290, 2687
256, 6288, 2709
257, 6197, 2882
258, 6042, 3169
259, 5828, 3067
260, 5748, 3073
261, 5674, 3103
262, 5581, 3046
263, 5579, 2998
264, 5608, 2973
265, 5598, 2876
266, 5565, 3003
267, 5555, 2911
268, 5556, 2803
269, 5560, 2777
270, 5624, 2665
271, 5775, 2667
272, 5837, 2850
273, 5752, 3194
274, 5658, 3089
275, 5721, 3118
276, 5811, 3126
277, 5870, 3029
278, 6009, 2977
279, 6153, 2943
280, 6306, 2889
281, 6409, 3068
282, 6435, 2953
283, 6508, 2862
284, 6575, 2880
285, 6749, 2780
286, 6816, 2829
287, 6831, 3079
288, 6740, 3485
289, 6592, 3412
290, 6578, 3477
291, 6567, 3570
292, 6513, 3576
293, 6476, 3584
294, 6445, 3579
295, 6447, 3527
296, 6412, 3799
297, 6251, 3701
298, 6158, 3565
299, 6046, 3586
300, 5916, 3470
301, 5764, 3556
302, 5569, 3868
303, 5224, 4206
304, 4938, 4095
305, 4696, 4133
306, 4495, 4162
307, 4261, 4112
308, 4122, 4017
309, 4018, 3988
310, 3864, 3873
311, 3737, 3981
312, 3582, 3728
313, 3491, 3499
314, 3350, 3416
315, 3249, 3200
316, 3225, 3129
317, 3153, 3290
318, 3019, 3468
319, 2875, 3313
320, 2821, 3282
321, 2733, 3205
322, 2657, 3142
323, 2628, 3029
324, 2655, 2999
325, 2722, 2902
326, 2789, 2946
327, 2869, 2724
328, 2983, 2562
329, 3134, 2498
330, 3333, 2363
331, 3552, 2267
332, 3772, 2367
333, 3917, 2523
334, 4030, 2363
335, 4225, 2344
336, 4427, 2335
337, 4642, 2269
338, 4882, 2218
339, 5101, 2229
340, 5323, 2170
341, 5586, 2272
342, 5787, 2121
343, 6057, 2082
344, 6322, 2072
345, 6651, 2011
346, 7007, 1997
347, 7268, 2088
348, 7413, 2393
349, 7561, 2318
350, 7749, 2319
351, 7942, 2386
352, 8082, 2370
353, 8294, 2361
354, 8514, 2409
355, 8714, 2374
356, 8799, 2549
357, 8842, 2489
358, 8879, 2468
359, 8898, 2459
360, 8919, 2406
361, 8918, 2479
362, 8851, 2661
363, 8682, 3025
364, 8449, 2976
365, 8317, 2990
366, 8174, 3106
367, 8013, 3090
368, 7880, 3053
369, 7790, 3117
370, 7688, 3050
371, 7504, 3236
372, 7340, 3132
373, 7248, 3076
374, 7116, 3067
375, 7016, 2978
376, 6886, 2955
377, 6668, 3134
378, 6407, 3523
379, 6137, 3381
380, 5974, 3389
381, 5809, 3409
382, 5663, 3366
383, 5570, 3295
384, 5472, 3304
385, 5394, 3210
386, 5277, 3400
387, 5163, 3238
388, 5056, 3036
389, 4924, 2991
390, 4874, 2868
391, 4806, 2872
392, 4719, 3059
393, 4518, 3293
394, 4329, 3139
395, 4256, 3136
396, 4146, 3124
397, 4049, 3093
398, 3986, 2975
399, 3998, 2934
400, 4004, 2838
401, 4001, 2976
402, 4003, 2788
403, 4039, 2613
404, 4054, 2562
405, 4111, 2454
406, 4166, 2521
407, 4146, 2695
408, 4061, 2855
409, 4022, 2732
410, 4075, 2731
411, 4105, 2797
412, 4046, 2758
413, 4059, 2673
414, 4104, 2649
415, 4166, 2574
416, 4228, 2713
417, 4257, 2577
418, 4310, 2486
419, 4360, 2468
420, 4440, 2396
421, 4558, 2461
422, 4607, 2651
423, 4570, 2786
424, 4540, 2700
425, 4545, 2716
426, 4536, 2834
427, 4524, 2804
428, 4612, 2720
429, 4701, 2695
430, 4800, 2606
431, 4900, 2704
432, 4966, 2594
433, 5021, 2561
434, 5083, 2529
435, 5186, 2446
436, 5369, 2329
437, 5507, 2474
438, 5537, 2598
439, 5612, 2517
440, 5787, 2510
441, 5959, 2554
442, 6099, 2507
443, 6288, 2400
444, 6517, 2371
445, 6813, 2296
446, 7097, 2448
447, 7339, 2338
448, 7617, 2305
449, 7848, 2299
450, 7951, 2238
451, 8040, 2214
452, 8064, 2383
453, 8041, 2524
454, 8016, 2458
455, 7995, 2496
456, 7953, 2581
457, 7861, 2541
458, 7837, 2455
459, 7806, 2469
460, 7786, 2384
461, 7718, 2588
462, 7618, 2475
463, 7559, 2472
464, 7517, 2487
465, 7467, 2433
466, 7457, 2448
467, 7444, 2607
468, 7315, 2788
469, 7193, 2730
470, 7176, 2802
471, 7106, 2880
472, 6986, 2830
473, 6947, 2732
474, 6957, 2794
475, 6952, 2715
476, 6909, 2954
477, 6804, 2879
478, 6765, 2889
479, 6794, 2885
480, 6808, 2825
481, 6853, 2872
482, 6837, 3035
483, 6716, 3252
484, 6610, 3146
485, 6560, 3202
486, 6531, 3264
487, 6413, 3204
488, 6359, 3084
489, 6369, 3127
490, 6371, 3042
491, 6333, 3245
492, 6231, 3143
493, 6142, 3101
494, 6045, 3068
495, 5958, 2971
496, 5891, 2971
497, 5779, 3159
498, 5624, 3409
499, 5463, 3280
500, 5355, 3321
501, 5196, 3386
502, 5041, 3331
503, 4942, 3167
504, 4933, 3196
505, 4905, 3086
506, 4833, 3299
507, 4680, 3173
508, 4566, 3030
509, 4487, 2985
510, 4514, 2861
511, 4531, 2792
512, 4504, 2921
513, 4438, 3103
514, 4374, 2947
515, 4390, 2979
516, 4428, 2942
517, 4426, 2842
518, 4481, 2700
519, 4586, 2659
520, 4714, 2560
521, 4767, 2730
522, 4773, 2556
523, 4842, 2485
524, 4841, 2449
525, 4939, 2345
526, 5082, 2324
527, 5145, 2416
528, 5120, 2671
529, 5106, 2600
530, 5197, 2684
531, 5231, 2692
532, 5264, 2658
533, 5308, 2565
534, 5389, 2582
535, 5466, 2497
536, 5532, 2715
537, 5532, 2662
538, 5533, 2597
539, 5594, 2564
540, 5683, 2487
541, 5854, 2496
542, 5948, 2571
543, 5982, 2808
544, 5998, 2740
545, 6065, 2814
546, 6126, 2795
547, 6214, 2781
548, 6399, 2660
549, 6534, 2747
550, 6662, 2677
551, 6798, 2886
552, 6838, 2852
553, 6942, 2810
554, 6983, 2815
555, 7011, 2732
556, 6980, 2737
557, 6933, 2802
558, 6825, 3069
559, 6729, 2932
560, 6631, 3000
561, 6553, 2984
562, 6465, 2936
563, 6457, 2812
564, 6492, 2821
565, 6475, 2709
566, 6449, 2932
567, 6397, 2867
568, 6324, 2777
569, 6310, 2773
570, 6309, 2670
571, 6328, 2629
572, 6326, 2679
573, 6281, 2880
574, 6175, 2770
575, 6120, 2877
576, 6053, 2843
577, 6001, 2782
578, 6029, 2689
579, 6119, 2692
580, 6228, 2601
581, 6324, 2817
582, 6317, 2777
583, 6346, 2747
584, 6363, 2715
585, 6417, 2590
586, 6486, 2538
587, 6540, 2619
588, 6481, 2791
589, 6501, 2689
590, 6572, 2826
591, 6559, 2823
592, 6575, 2758
593, 6656, 2638
594, 6748, 2649
595, 6817, 2561
596, 6828, 2797
597, 6778, 2772
598, 6727, 2777
599, 6694, 2787
600, 6726, 2711
601, 6729, 2720
602, 6771, 2851
603, 6703, 3064
604, 6669, 2996
605, 6596, 3139
606, 6522, 3178
607, 6434, 3131
608, 6392, 3013
609, 6439, 3054
610, 6468, 2983
611, 6446, 3205
612, 6355, 3174
613, 6358, 3192
614, 6356, 3183
615, 6352, 3065
616, 6399, 3010
617, 6377, 3123
618, 6293, 3377
619, 6216, 3279
620, 6229, 3402
621, 6161, 3390
622, 6113, 3325
623, 6094, 3179
624, 6121, 3224
625, 6145, 3121
626, 6191, 3366
627, 6118, 3284
628, 6090, 3182
629, 6067, 3130
630, 6100, 2989
631, 6124, 2931
632, 6176, 2994
633, 6155, 3202
634, 6095, 3068
635, 6127, 3140
636, 6098, 3177
637, 5951, 3161
638, 5943, 3062
639, 5912, 3156
640, 5815, 3037
641, 5775, 3348
642, 5647, 3298
643, 5583, 3261
644, 5449, 3247
645, 5401, 3209
646, 5385, 3246
647, 5276, 3312
648, 5185, 3516
649, 5051, 3385
650, 4989, 3505
651, 4863, 3605
652, 4715, 3557
653, 4615, 3450
654, 4576, 3537
655, 4542, 3435
656, 4444, 3677
657, 4328, 3631
658, 4200, 3639
659, 4076, 3600
660, 4039, 3477
661, 3954, 3429
662, 3849, 3487
663, 3733, 3585
664, 3610, 3397
665, 3548, 3520
666, 3445, 3524
667, 3303, 3400
668, 3280, 3213
669, 3306, 3243
670, 3277, 3104
671, 3241, 3256
672, 3195, 3137
673, 3232, 3081
674, 3322, 3030
675, 3488, 2881
676, 3640, 2805
677, 3826, 2874
678, 3949, 2947
679, 4082, 2758
680, 4305, 2810
681, 4499, 2769
682, 4700, 2627
683, 4869, 2416
684, 5088, 2421
685, 5293, 2315
686, 5488, 2393
687, 5665, 2299
688, 5866, 2279
689, 5986, 2259
690, 6150, 2146
691, 6346, 2084
692, 6536, 2155
693, 6675, 2264
694, 6929, 2169
695, 7190, 2242
696, 7426, 2284
697, 7601, 2228
698, 7832, 2131
699, 8045, 2193
700, 8242, 2124
701, 8450, 2222
702, 8566, 2181
703, 8712, 2169
704, 8846, 2187
705, 8907, 2163
706, 9011, 2179
707, 9060, 2281
708, 9085, 2427
709, 9098, 2355
710, 9159, 2466
711, 9094, 2602
712, 9043, 2626
713, 9032, 2592
714, 9023, 2733
715, 9000, 2686
716, 8898, 2851
717, 8745, 2874
718, 8633, 2955
719, 8497, 2991
720, 8394, 2990
721, 8290, 3000
722, 8094, 3132
723, 7865, 3338
724, 7650, 3237
725, 7436, 3387
726, 7155, 3578
727, 6912, 3574
728, 6715, 3480
729, 6617, 3606
730, 6488, 3498
731, 6288, 3750
732, 6012, 3690
733, 5780, 3688
734, 5562, 3698
735, 5422, 3567
736, 5342, 3484
737, 5166, 3526
738, 4969, 3721
739, 4758, 3519
740, 4612, 3621
741, 4403, 3650
742, 4179, 3549
743, 4077, 3373
744, 3986, 3311
745, 3876, 3174
746, 3804, 3362
747, 3592, 3222
748, 3395, 3212
749, 3252, 3181
750, 3147, 3009
751, 3066, 2904
752, 2968, 2927
753, 2797, 3108
754, 2614, 2964
755, 2479, 3036
756, 2268, 3054
757, 2061, 2957
758, 1974, 2765
759, 1929, 2738
760, 1864, 2637
761, 1815, 2777
762, 1747, 2673
763, 1655, 2661
764, 1577, 2598
765, 1544, 2436
766, 1563, 2259
767, 1539, 2255
768, 1508, 2380
769, 1416, 2244
770, 1395, 2288
771, 1388, 2192
772, 1358, 2108
773, 1350, 1904
774, 1381, 1867
775, 1399, 1774
776, 1457, 1790
777, 1489, 1643
778, 1539, 1602
779, 1596, 1559
780, 1630, 1376
781, 1752, 1255
782, 1877, 1228
783, 1994, 1314
784, 2147, 1238
785, 2312, 1229
786, 2504, 1151
787, 2718, 1078
788, 2972, 962
789, 3270, 955
790, 3564, 910
791, 3875, 935
792, 4195, 889
793, 4520, 823
794, 4874, 833
795, 5269, 812
796, 5672, 781
797, 6086, 809
798, 6492, 897
799, 6899, 871
800, 7354, 897
801, 7809, 900
802, 8269, 874
803, 8778, 834
804, 9276, 858
805, 9787, 835
806, 10322, 908
807, 10729, 898
808, 11140, 914
809, 11483, 916
810, 11782, 901
811, 11946, 915
812, 12054, 951
813, 12081, 1062
814, 12081, 1036
815, 12081, 1078
816, 12094, 1107
817, 12078, 1083
818, 12104, 1062
819, 12108, 1122
820, 12093, 1103
821, 12035, 1223
822, 11962, 1200
823, 11914, 1247
824, 11895, 1275
825, 11910, 1273
826, 11887, 1312
827, 11838, 1358
828, 11728, 1530
829, 11645, 1498
830, 11574, 1551
831, 11467, 1587
832, 11358, 1555
833, 11349, 1517
834, 11278, 1596
835, 11231, 1568
836, 11165, 1710
837, 11042, 1698
838, 10914, 1735
839, 10799, 1739
840, 10746, 1723
841, 10682, 1756
842, 10579, 1813
843, 10448, 1994
844, 10302, 1933
845, 10229, 1982
846, 10100, 1974
847, 10006, 1926
848, 9961, 1841
849, 9891, 1910
850, 9845, 1851
851, 9777, 1947
852, 9678, 1906
853, 9577, 1878
854, 9507, 1840
855, 9449, 1790
856, 9390, 1803
857, 9273, 1872
858, 9116, 2022
859, 9010, 1942
860, 8897, 2017
861, 8780, 2052
862, 8678, 2003
863, 8597, 1920
864, 8529, 1979
865, 8447, 1935
866, 8403, 2048
867, 8325, 2010
868, 8260, 2016
869, 8173, 1995
870, 8137, 1934
871, 8104, 1923
872, 8046, 2037
873, 7908, 2158
874, 7818, 2058
875, 7713, 2141
876, 7563, 2208
877, 7459, 2140
878, 7428, 2027
879, 7418, 2062
880, 7413, 2011
881, 7393, 2159
882, 7336, 2132
883, 7352, 2173
884, 7373, 2132
885, 7466, 2078
886, 7533, 2102
887, 7511, 2284
888, 7481, 2434
889, 7561, 2354
890, 7636, 2448
891, 7726, 2549
892, 7803, 2491
893, 7969, 2393
894, 8088, 2439
895, 8230, 2384
896, 8283, 2579
897, 8232, 2513
898, 8184, 2527
899, 8157, 2485
900, 8186, 2426
901, 8237, 2452
902, 8171, 2646
903, 8050, 2814
904, 7998, 2749
905, 7950, 2918
906, 7823, 2986
907, 7724, 2928
908, 7682, 2858
909, 7709, 2933
910, 7710, 2853
911, 7693, 2970
912, 7655, 2943
913, 7565, 3062
914, 7489, 3007
915, 7484, 2880
916, 7471, 2868
917, 7379, 3103
918, 7193, 3283
919, 7042, 3175
920, 6987, 3300
921, 6924, 3351
922, 6829, 3245
923, 6858, 3085
924, 6883, 3186
925, 6863, 3088
926, 6902, 3153
927, 6917, 3064
928, 6843, 3166
929, 6772, 3098
930, 6751, 2993
931, 6701, 3021
932, 6555, 3295
933, 6295, 3527
934, 6105, 3382
935, 6010, 3500
936, 5877, 3589
937, 5727, 3502
938, 5653, 3330
939, 5611, 3448
940, 5488, 3362
941, 5467, 3451
942, 5408, 3319
943, 5282, 3370
944, 5140, 3247
945, 5093, 3164
946, 5064, 3153
947, 4960, 3387
948, 4804, 3585
949, 4720, 3411
950, 4632, 3500
951, 4478, 3535
952, 4342, 3416
953, 4320, 3243
954, 4301, 3284
955, 4290, 3159
956, 4267, 3222
957, 4180, 3021
958, 4139, 3070
959, 4070, 3004
960, 4122, 2874
961, 4153, 2903
962, 4177, 3025
963, 4119, 3208
964, 4091, 3081
965, 4175, 3217
966, 4188, 3280
967, 4227, 3155
968, 4357, 3005
969, 4540, 3070
970, 4644, 2978
971, 4798, 3009
972, 4963, 2902
973, 5004, 3101
974, 4996, 3030
975, 5103, 2863
976, 5268, 2863
977, 5353, 3003
978, 5390, 3222
979, 5433, 3115
980, 5531, 3212
981, 5611, 3299
982, 5678, 3208
983, 5793, 2972
984, 5899, 3081
985, 6018, 2974
986, 6086, 3025
987, 6177, 2969
988, 6194, 3121
989, 6187, 3036
990, 6272, 2926
991, 6308, 2937
992, 6305, 3173
993, 6182, 3397
994, 6098, 3244
995, 6091, 3362
996, 5974, 3449
997, 5868, 3327
998, 5827, 3128
999, 5783, 3217
1000, 5741, 3125
1001, 5739, 3191
1002, 5674, 3032
1003, 5630, 3137
1004, 5567, 3046
1005, 5576, 2915
1006, 5659, 2882
1007, 5670, 3118
1008, 5513, 3323
1009, 5426, 3184
1010, 5410, 3285
1011, 5339, 3318
1012, 5363, 3220
1013, 5511, 3012
1014, 5607, 3113
1015, 5690, 3014
1016, 5823, 3042
1017, 5884, 2946
1018, 5924, 3016
1019, 5937, 2932
1020, 6025, 2817
1021, 6127, 2824
1022, 6081, 3093
1023, 5922, 3337
1024, 5806, 3230
1025, 5754, 3380
1026, 5616, 3463
1027, 5549, 3388
1028, 5590, 3253
1029, 5594, 3396
1030, 5573, 3314
1031, 5589, 3386
1032, 5549, 3284
1033, 5511, 3417
1034, 5419, 3320
1035, 5414, 3199
1036, 5459, 3256
1037, 5424, 3548
1038, 5286, 3785
1039, 5183, 3635
1040, 5099, 3804
1041, 4977, 3913
1042, 4882, 3808
1043, 4866, 3633
1044, 4827, 3765
1045, 4756, 3693
1046, 4700, 3777
1047, 4616, 3623
1048, 4527, 3781
1049, 4346, 3673
1050, 4248, 3475
1051, 4230, 3444
1052, 4151, 3704
1053, 3943, 3892
1054, 3734, 3691
1055, 3626, 3773
1056, 3516, 3779
1057, 3417, 3638
1058, 3347, 3366
1059, 3327, 3465
1060, 3266, 3349
1061, 3242, 3338
1062, 3238, 3139
1063, 3238, 3237
1064, 3197, 3101
1065, 3215, 2890
1066, 3252, 2762
1067, 3289, 2896
1068, 3258, 3031
1069, 3265, 2832
1070, 3312, 2834
1071, 3368, 2802
1072, 3384, 2681
1073, 3501, 2442
1074, 3597, 2526
1075, 3711, 2453
1076, 3853, 2469
1077, 3998, 2331
1078, 4112, 2439
1079, 4192, 2383
1080, 4376, 2300
1081, 4603, 2236
1082, 4795, 2379
1083, 4950, 2472
1084, 5146, 2323
1085, 5373, 2336
1086, 5621, 2320
1087, 5872, 2217
1088, 6145, 2040
1089, 6438, 2160
1090, 6713, 2089
1091, 7030, 2132
1092, 7304, 2113
1093, 7525, 2256
1094, 7732, 2207
1095, 7976, 2159
1096, 8228, 2154
1097, 8375, 2367
1098, 8408, 2529
1099, 8447, 2424
1100, 8524, 2474
1101, 8532, 2519
1102, 8528, 2452
1103, 8649, 2330
1104, 8679, 2472
1105, 8685, 2408
1106, 8722, 2450
1107, 8694, 2384
1108, 8642, 2574
1109, 8523, 2524
1110, 8524, 2495
1111, 8478, 2518
1112, 8402, 2750
1113, 8279, 2961
1114, 8163, 2857
1115, 8100, 2928
1116, 7991, 3021
1117, 7836, 2951
1118, 7787, 2816
1119, 7785, 2955
1120, 7635, 2867
1121, 7528, 2973
1122, 7352, 2870
1123, 7211, 3059
1124, 6997, 2993
1125, 6862, 2914
1126, 6767, 2977
1127, 6616, 3168
1128, 6379, 3397
1129, 6119, 3279
1130, 5954, 3348
1131, 5751, 3445
1132, 5576, 3329
1133, 5489, 3129
1134, 5429, 3269
1135, 5337, 3170
1136, 5245, 3298
1137, 5193, 3193
1138, 5125, 3333
1139, 4997, 3212
1140, 4953, 3068
1141, 4880, 3062
1142, 4796, 3169
1143, 4663, 3356
1144, 4493, 3157
1145, 4434, 3197
1146, 4389, 3178
1147, 4341, 3055
1148, 4370, 2807
1149, 4422, 2903
1150, 4454, 2807
1151, 4501, 2841
1152, 4544, 2668
1153, 4593, 2718
1154, 4608, 2594
1155, 4642, 2449
1156, 4702, 2382
1157, 4799, 2481
1158, 4792, 2654
1159, 4827, 2517
1160, 4961, 2540
1161, 5121, 2520
1162, 5236, 2417
1163, 5478, 2251
1164, 5654, 2396
1165, 5803, 2324
1166, 6012, 2381
1167, 6168, 2297
1168, 6386, 2377
1169, 6532, 2304
1170, 6740, 2220
1171, 6847, 2249
1172, 6932, 2416
1173, 6892, 2587
1174, 6897, 2475
1175, 6974, 2524
1176, 7067, 2588
1177, 7138, 2523
1178, 7268, 2416
1179, 7319, 2629
1180, 7365, 2578
1181, 7478, 2677
1182, 7519, 2605
1183, 7543, 2729
1184, 7552, 2656
1185, 7653, 2625
1186, 7750, 2755
1187, 7743, 2991
1188, 7643, 3168
1189, 7557, 3065
1190, 7548, 3139
1191, 7468, 3236
1192, 7395, 3160
1193, 7373, 3031
1194, 7270, 3317
1195, 7090, 3258
1196, 6954, 3352
1197, 6795, 3252
1198, 6636, 3426
1199, 6455, 3341
1200, 6330, 3254
1201, 6229, 3346
1202, 6008, 3591
1203, 5786, 3824
1204, 5578, 3630
1205, 5466, 3674
1206, 5304, 3704
1207, 5166, 3584
1208, 5140, 3403
1209, 5005, 3655
1210, 4882, 3525
1211, 4820, 3555
1212, 4714, 3366
1213, 4616, 3514
1214, 4432, 3406
1215, 4371, 3304
1216, 4297, 3326
1217, 4220, 3488
1218, 4093, 3700
1219, 3940, 3437
1220, 3861, 3450
1221, 3805, 3471
1222, 3748, 3337
1223, 3794, 3089
1224, 3841, 3292
1225, 3847, 3186
1226, 3880, 3192
1227, 3870, 3068
1228, 3849, 3109
1229, 3791, 2979
1230, 3822, 2839
1231, 3836, 2834
1232, 3821, 2941
1233, 3774, 3097
1234, 3799, 2902
1235, 3847, 2918
1236, 3911, 2912
1237, 3977, 2792
1238, 4121, 2577
1239, 4252, 2709
1240, 4375, 2583
1241, 4533, 2621
1242, 4668, 2520
1243, 4769, 2535
1244, 4858, 2438
1245, 5034, 2349
1246, 5186, 2360
1247, 5306, 2490
1248, 5335, 2574
1249, 5444, 2416
1250, 5598, 2442
1251, 5701, 2419
1252, 5821, 2333
1253, 5978, 2168
1254, 6180, 2308
1255, 6296, 2223
1256, 6476, 2271
1257, 6598, 2224
1258, 6740, 2285
1259, 6881, 2221
1260, 7042, 2151
1261, 7239, 2183
1262, 7379, 2379
1263, 7451, 2444
1264, 7571, 2345
1265, 7690, 2371
1266, 7792, 2374
1267, 7902, 2281
1268, 8035, 2162
1269, 8105, 2367
1270, 8090, 2320
1271, 8180, 2385
1272, 8256, 2342
1273, 8299, 2470
1274, 8361, 2408
1275, 8532, 2360
1276, 8560, 2482
1277, 8536, 2737
1278, 8371, 2874
1279, 8272, 2759
1280, 8231, 2788
1281, 8145, 2846
1282, 8091, 2753
1283, 8100, 2661
1284, 8027, 2949
1285, 7931, 2887
1286, 7847, 2981
1287, 7732, 2957
1288, 7553, 3108
1289, 7404, 3036
1290, 7333, 2987
1291, 7224, 3114
1292, 7081, 3347
1293, 6889, 3527
1294, 6703, 3358
1295, 6603, 3425
1296, 6455, 3473
1297, 6413, 3356
1298, 6389, 3213
1299, 6336, 3501
1300, 6191, 3395
1301, 6112, 3434
1302, 6038, 3357
1303, 5898, 3436
1304, 5785, 3321
1305, 5730, 3206
1306, 5718, 3313
1307, 5570, 3548
1308, 5361, 3698
1309, 5217, 3469
1310, 5143, 3519
1311, 5026, 3519
1312, 4944, 3407
1313, 4936, 3178
1314, 4914, 3446
1315, 4833, 3351
1316, 4800, 3370
1317, 4723, 3270
1318, 4629, 3380
1319, 4473, 3247
1320, 4469, 3146
1321, 4471, 3217
1322, 4401, 3460
1323, 4180, 3589
1324, 4049, 3355
1325, 3946, 3397
1326, 3892, 3416
1327, 3889, 3271
1328, 3890, 3079
1329, 3926, 3285
1330, 3927, 3172
1331, 3951, 3160
1332, 3966, 3034
1333, 3978, 3099
1334, 3927, 2967
1335, 4012, 2825
1336, 4110, 2822
1337, 4148, 3056
1338, 4112, 3149
1339, 4116, 2928
1340, 4224, 2918
1341, 4312, 2837
1342, 4414, 2685
1343, 4531, 2484
1344, 4660, 2688
1345, 4681, 2595
1346, 4764, 2578
1347, 4893, 2510
1348, 5011, 2598
1349, 5135, 2527
1350, 5377, 2433
1351, 5585, 2497
1352, 5663, 2740
1353, 5742, 2874
1354, 5827, 2722
1355, 6012, 2711
1356, 6178, 2666
1357, 6358, 2559
1358, 6568, 2393
1359, 6687, 2617
1360, 6706, 2536
1361, 6834, 2512
1362, 6931, 2363
1363, 7022, 2414
1364, 7134, 2345
1365, 7315, 2281
1366, 7374, 2382
1367, 7418, 2572
1368, 7407, 2758
1369, 7410, 2611
1370, 7418, 2629
1371, 7449, 2668
1372, 7486, 2586
1373, 7583, 2462
1374, 7641, 2718
1375, 7678, 2657
1376, 7695, 2631
1377, 7752, 2523
1378, 7830, 2549
1379, 7820, 2457
1380, 7949, 2406
1381, 8070, 2520
1382, 8066, 2667
1383, 7998, 2798
1384, 7947, 2595
1385, 7888, 2662
1386, 7824, 2705
1387, 7806, 2623
1388, 7867, 2521
1389, 7888, 2776
1390, 7802, 2730
1391, 7776, 2731
1392, 7743, 2680
1393, 7713, 2804
1394, 7598, 2746
1395, 7597, 2671
1396, 7551, 2780
1397, 7368, 3004
1398, 7094, 3193
1399, 6929, 3054
1400, 6818, 3159
1401, 6675, 3206
1402, 6551, 3148
1403, 6543, 3042
1404, 6502, 3371
1405, 6337, 3318
1406, 6308, 3345
1407, 6165, 3308
1408, 6018, 3465
1409, 5866, 3384
1410, 5802, 3266
1411, 5776, 3371
1412, 5613, 3662
1413, 5349, 3835
1414, 5132, 3638
1415, 5028, 3683
1416, 4940, 3655
1417, 4893, 3501
1418, 4850, 3292
1419, 4816, 3594
1420, 4674, 3489
1421, 4618, 3454
1422, 4524, 3297
1423, 4410, 3358
1424, 4334, 3234
1425, 4370, 3065
1426, 4379, 3126
1427, 4329, 3346
1428, 4210, 3463
1429, 4136, 3180
1430, 4120, 3177
1431, 4112, 3107
1432, 4075, 2938
1433, 4084, 2645
1434, 4117, 2866
1435, 4071, 2768
1436, 4076, 2735
1437, 4091, 2592
1438, 4130, 2619
1439, 4134, 2535
1440, 4224, 2423
1441, 4297, 2476
1442, 4319, 2635
1443, 4199, 2733
1444, 4202, 2544
1445, 4218, 2561
1446, 4229, 2531
1447, 4278, 2436
1448, 4370, 2273
1449, 4437, 2514
1450, 4401, 2442
1451, 4463, 2434
1452, 4456, 2334
1453, 4472, 2328
1454, 4536, 2247
1455, 4662, 2156
1456, 4753, 2233
1457, 4853, 2382
1458, 4879, 2491
1459, 4939, 2292
1460, 5030, 2304
1461, 5121, 2258
1462, 5263, 2140
1463, 5464, 1969
1464, 5609, 2175
1465, 5691, 2124
1466, 5851, 2123
1467, 5993, 2001
1468, 6125, 1921
1469, 6280, 1859
1470, 6479, 1789
1471, 6610, 1867
1472, 6738, 1996
1473, 6808, 2147
1474, 6878, 2013
1475, 6989, 2066
1476, 7074, 2066
1477, 7132, 2008
1478, 7232, 1952
1479, 7264, 2214
1480, 7252, 2178
1481, 7288, 2246
1482, 7301, 2182
1483, 7371, 2183
1484, 7420, 2125
1485, 7510, 2066
1486, 7608, 2169
1487, 7599, 2303
1488, 7574, 2453
1489, 7593, 2300
1490, 7603, 2335
1491, 7595, 2304
1492, 7685, 2226
1493, 7746, 2146
1494, 7814, 2367
1495, 7826, 2280
1496, 7859, 2269
1497, 7832, 2141
1498, 7869, 2089
1499, 7886, 2017
